送信ID,送信日時,案件コード,案件名,名前,職種,雇用形態,社会保険,週勤務日数,固定条件,兼務先,夜勤,早出,遅出,保有資格・修了証,備考
1070a4e0-388a-4ebb-9462-fb44a8db3531,2026/8/7 13:24:13,DEMO001,デモ案件,デモ案件 公開テスト,介護士,正社員,加入,5,匿名案件テスト,なし,可,可,可,テスト資格,匿名URLからの保存確認
4d39f5c7-24fb-4c20-b504-6ad4ea2d7529,2026/8/7 20:37:47,DEMO001,デモ案件,スタッフＡ,看護師,正社員,加入,5,,,可,可,可,,"夜勤4〜5回
日責可能"
2c92d46f-457e-4e4b-9152-0b8458de84f8,2026/8/7 20:41:23,DEMO001,デモ案件,スタッフB,看護師,正社員,加入,5,"7時より前の早番不可
20:30以降の遅番不可",,可,可,可,,3〜4回
6c2f0510-b021-4f22-a175-f30bd6b445fa,2026/8/7 20:43:35,DEMO001,デモ案件,スタッフC,看護師,正社員,加入,5,夜勤は金曜日,,可,可,可,,夜勤は5〜6回
7f259811-b2d8-4cb2-a810-a88a25fda705,2026/8/7 20:49:15,DEMO001,デモ案件,スタッフD,管理者、看護師,正社員,加入,5,,,不可,可,可,,"日責可能
20:30以降の遅番は不可"
42b185a9-9e49-493b-9a79-240b557b367f,2026/8/7 20:50:55,DEMO001,デモ案件,スタッフE,看護師,正社員,加入,5,夜勤3回。やむを得ない場合4回,,可,可,可,,日責可能
909299c6-19e2-4f92-a30e-5c61f46d4a7d,2026/8/7 20:53:14,DEMO001,デモ案件,スタッフF,看護師,正社員,加入,5,夜勤5回〜6回,,可,可,可,,日責はどうしてもいないときは可能
d5afb305-df36-43eb-b3ba-701fedc3f9c7,2026/8/7 20:55:32,DEMO001,デモ案件,スタッフH,看護師,正社員,加入,5,"夜勤不可。深夜可能。
6時から17時迄の枠で早出、日勤、遅番が可能",,不可,可,不可,,
636a5bb4-9476-4c13-b742-a660ab60388e,2026/8/7 20:57:48,DEMO001,デモ案件,スタッフG,看護師,正社員,加入,5,"スタッフお、と同席夜勤は不可。
夜勤4〜6回",,可,可,可,,
138fbf06-527f-4971-b3bb-481141476f9d,2026/8/7 21:01:11,DEMO001,デモ案件,スタッフZ,看護師,パート（時間給）,加入,4,"毎週水曜日は休み。
9時〜17時の勤務",,不可,不可,不可,,週に4回、
fc4b1cf4-074d-48cd-b871-1bff0ff8c8b4,2026/8/7 21:02:38,DEMO001,デモ案件,スタッフY,看護師,パート（時間給）,加入,4,毎週水曜日と、土日休み,,不可,不可,不可,,
38f223f9-c3dd-47f4-86d9-94111a69df11,2026/8/7 21:03:59,DEMO001,デモ案件,スタッフX,看護師,パート（時間給）,加入,3,"毎週土日休み
月曜日から金曜日の中でランダム",,不可,不可,不可,,
051f938b-aeac-409c-afeb-256f7c27a3fa,2026/8/7 21:05:57,DEMO001,デモ案件,スタッフW,看護師,パート（時間給）,加入,2,"夜勤専従
毎週火曜日固定",,可,不可,不可,,
28ae9562-31e0-4e47-9ce0-9ec90ee23fc3,2026/8/9 9:36:11,DEMO001,デモ案件,スタッフあ,介護士,正社員,加入,5,"夜勤1〜2回。
深夜3〜4回。",,可,不可,可,,"早出はやらせていない。
夜勤と深夜は希望してくる"
665ef4be-02d2-4fd0-a5a4-0d7874c7c022,2026/8/9 9:37:58,DEMO001,デモ案件,スタッフい,介護士,正社員,加入,5,"夜勤3〜4回
深夜3〜4回希望",,可,可,可,,
39b31416-3cf7-4cd4-b71a-840fdfd99a33,2026/8/9 9:41:08,DEMO001,デモ案件,スタッフう,介護士,正社員,加入,5,"夜勤3回以下。
深夜3回以下。",,可,可,可,,夜勤はスタッフAとEは一回まで
47978576-2e6f-4bca-a910-03b34c3075e1,2026/8/9 9:43:10,DEMO001,デモ案件,スタッフえ,介護士,正社員,加入,5,"夜勤4〜5回希望
深夜3回以下。",,可,可,可,,
ade0b113-45f0-4264-a2a9-d56850bef8ed,2026/8/9 9:45:47,DEMO001,デモ案件,スタッフお,介護士,正社員,加入,5,"夜勤3〜4回希望
深夜3回まで
※明けの公休では無いところに連休を一回入れて下さい。",,可,可,可,,
d919735e-0018-4c0e-9b34-4e836fd03ad4,2026/8/9 9:50:55,DEMO001,デモ案件,スタッフか,介護士,正社員,加入,5,"夜勤2〜4回まで
深夜3回か4回",,可,可,可,,"夜勤はスタッフGと同席不可
（やむを得ない場合は一回だけ可）
夜勤は同じナースが複数回同席しないようにして下さい。"
e0d64222-c7cf-4ce6-b540-bfcf6524241f,2026/8/9 9:53:41,DEMO001,デモ案件,スタッフき,介護士,正社員,加入,5,"夜勤1〜4回
深夜2回〜4回",,可,可,可,,介護リーダー
aa24add7-040d-4d27-b707-0e15135ba2c8,2026/8/9 9:54:55,DEMO001,デモ案件,スタッフく,介護士,正社員,加入,5,"夜勤3回か4回
深夜3回か4回",,可,可,可,,
0ece7e87-b915-4e98-80dd-13bfa1635dd1,2026/8/9 9:56:13,DEMO001,デモ案件,スタッフけ,介護士,正社員,加入,5,"夜勤3回
深夜3回〜4回",,可,可,可,,
255ee3c6-5f9d-49e2-92cf-cb50be2d8467,2026/8/9 10:00:46,DEMO001,デモ案件,スタッフこ,介護士,正社員,加入,5,"毎週火曜日・水曜日・金曜日は8時より前の早番は不可。
遅番の⑦は少なめにして下さい。
夜勤1回（やむを得ない場合は2回可）
深夜3回まで。",,可,可,可,,
0e103dd8-6218-4a8a-9bf7-bb10557d8620,2026/8/9 10:04:36,DEMO001,デモ案件,スタッフさ,介護士,正社員,加入,5,"毎月2回は金曜日休み。
夜勤2〜3回。
深夜3回。
夜勤スタッフEとWは同席不可。",,可,可,可,,
a529e528-a5d1-4da2-bfe7-aa90f1bf5ae4,2026/8/9 10:08:03,DEMO001,デモ案件,スタッフの,介護士,パート（時間給）,未加入,2,"出勤可能な日を希望します。
日勤または時短9-16時
8-15時など",,不可,可,不可,,
d8930249-8f31-485e-92be-b15b48223e49,2026/8/9 10:09:38,DEMO001,デモ案件,スタッフな,介護士,パート（時間給）,未加入,3,"毎週火曜日は9-15時
水曜日は9-13時
金曜日は9-15時",,不可,不可,不可,,
d15e662f-445a-4209-bca9-5f563801d5e5,2026/8/9 10:10:59,DEMO001,デモ案件,スタッフに,介護士,パート（時間給）,未加入,3,"毎週月曜日は9-15時
水曜日は9-13時
金曜日は9-15時",,不可,不可,不可,,
7398dd80-2d55-4d28-98c1-cabb14912d90,2026/8/9 10:14:37,DEMO001,デモ案件,スタッフぬ,介護士,パート（時間給）,未加入,3,"出勤日はあらかじめ希望あり。
毎週月曜日〜金曜日のうち
3回〜4回。
日勤のみ可能。
どうしても足りない時の土曜日か日曜日に出勤可能なことがある。その時は相談が必要。",,不可,不可,不可,,
124e2a0f-c43c-4818-a60c-2fbc3317c331,2026/8/9 10:22:02,DEMO001,デモ案件,スタッフね,介護士,パート（時間給）,未加入,4,"毎週金曜日は休み。
毎週土曜日か日曜日どちらかは休みたい。
毎週4回勤務は作る側で決めて良いです。",,不可,不可,不可,,
6dcc6906-b95f-46f8-888f-9067c20d723c,2026/8/9 10:25:13,DEMO001,デモ案件,スタッフは,介護士,パート（時間給）,未加入,1,"深夜勤務のみ。
夜勤専従で毎月2〜3回希望してくるのもを検討して確定。
夜勤はスタッフWと同席不可。",,可,不可,不可,,
730d7f54-2912-4491-b758-f5b8c2cb1305,2026/8/9 10:29:21,DEMO001,デモ案件,スタッフ大,その他,パート（時間給）,未加入,5,"毎週月曜日10-13時と19-20時
火曜日19-20時
木曜日10-13月と19-20時
金曜日19-20時
日曜日19-20時",,不可,不可,不可,,環境整備や物品補充など対人ケアに入らないスポットパート。
e34d6b05-d7a3-4e27-bda4-fc0ed08aa71d,2026/8/9 10:31:07,DEMO001,デモ案件,スタッフ木,その他,パート（時間給）,未加入,4,"毎週火曜日9-12時
水曜日9-12と19-20時
金曜日9-12時
土曜日9-12時",,不可,不可,不可,,環境整備や物品補充など対人ケアに入らないスポットパート。